{
    "web": {
        "client_id": "938294709733-jbn0emc6aemlm2o6q4qa3ja22h59k770.apps.googleusercontent.com",
        "project_id": "sacred-particle-430118-g1",
        "auth_uri": "https://accounts.google.com/o/oauth2/auth",
        "token_uri": "https://oauth2.googleapis.com/token",
        "auth_provider_x509_cert_url": "https://www.googleapis.com/oauth2/v1/certs",
        "client_secret": "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",
        "javascript_origins": [
            "http://127.0.0.1:8000"
        ]
    }
}